Player,MIN,PTS,FGM,FGA,F3GM,F3GA,FTM,FTA,OR,DR,TR,AS,TO,ST,BS,EFF
LJ・ピーク,20.099655172413794,11.39655172413793,4.103448275862069,8.724137931034482,1.6896551724137931,4.310344827586207,1.5,2.1724137931034484,0.5862068965517241,1.6206896551724137,2.206896551724138,1.6724137931034482,0.9137931034482759,0.8103448275862069,0.20689655172413793,10.172413793103448
アイザイア・マーフィー,24.027272727272727,9.527272727272727,3.4727272727272727,8.781818181818181,0.9818181818181818,3.1636363636363636,1.6,2.3454545454545452,0.2909090909090909,2.309090909090909,2.6,2.0727272727272728,1.8181818181818181,0.9636363636363636,0.6545454545454545,8.181818181818182
アイラ・ブラウン,31.810185185185187,14.092592592592593,5.518518518518518,11.222222222222221,0.6666666666666666,2.0555555555555554,2.388888888888889,3.8333333333333335,2.074074074074074,5.2592592592592595,7.333333333333333,3,1.7962962962962963,1.2592592592592593,0.9629629629629629,18.61111111111111
アキ・チェンバース,25.13692307692308,9.384615384615385,3.6538461538461537,8.346153846153847,1.3461538461538463,4,0.7307692307692307,0.9038461538461539,0.6923076923076923,1.9230769230769231,2.6153846153846154,1.8653846153846154,1.0769230769230769,0.7307692307692307,0.07692307692307693,8.038461538461538
アレックス・カーク,28.848857142857142,17.085714285714285,6.4,11.657142857142857,0.4,1.1714285714285715,3.8857142857142857,4.828571428571428,3.3714285714285714,6.314285714285714,9.657142857142857,1.4857142857142858,0.9142857142857143,0.5714285714285714,1,24.97142857142857
アレックス・デイビス,27.58037037037037,11.88888888888889,4.592592592592593,8,0.2037037037037037,1.0925925925925926,2.5,4.2592592592592595,2.685185185185185,4.685185185185185,7.37037037037037,2.185185185185185,2.1481481481481484,1.7777777777777777,2.2222222222222223,17.944444444444443
アレン・ダーラム,27.075714285714284,16.02857142857143,6.2,11.6,0.6,1.6571428571428573,3.0285714285714285,4.6571428571428575,2.7714285714285714,6.371428571428571,9.142857142857142,3.742857142857143,2.4571428571428573,0.8571428571428571,0.4,22.742857142857144
アンガス・ブラント,28.729824561403507,11.807017543859649,4.719298245614035,8.298245614035087,0.05263157894736842,0.19298245614035087,2.3157894736842106,3.192982456140351,2.56140350877193,5.859649122807017,8.421052631578947,3.2280701754385963,1.912280701754386,0.5964912280701754,0.2807017543859649,18.736842105263158
アンソニー・マクヘンリー,30.793695652173913,10.717391304347826,4.108695652173913,9.369565217391305,0.8913043478260869,3.369565217391304,1.608695652173913,2.4130434782608696,1.608695652173913,5.478260869565218,7.086956521739131,5.043478260869565,2.3043478260869565,1.2608695652173914,1.108695652173913,16.67391304347826
アンドリュー・ランダル,22.4775,10.25,4,7.75,1,3,1.25,2,1.25,5.5,6.75,1.25,1.25,0.75,0,15
アンドレ・マレー,14.969999999999999,7.5,2.75,7,1.5,3.25,0.5,0.5,0.5,1.5,2,1.25,1.75,0.5,0,5
ウィリアムスニカ,22.555833333333332,10.766666666666667,4.266666666666667,6.633333333333334,0.016666666666666666,0.016666666666666666,2.216666666666667,3.45,2.6166666666666667,3.433333333333333,6.05,0.9666666666666667,2.0833333333333335,0.85,0.55,13.266666666666667
ウィル・クリークモア,32.24,17.25,5.5,11.75,1.5,4.25,4.75,5.75,2,5.75,7.75,2.25,1.75,1.25,1,23
ウェイン・マーシャル,28.491363636363637,17,5.954545454545454,11.159090909090908,1.1363636363636365,3.159090909090909,3.9545454545454546,5.181818181818182,2,4.25,6.25,2.1818181818181817,1.8181818181818181,0.6363636363636364,1.3181818181818181,20.431818181818183
エドワード・モリス,11.735681818181819,2.6818181818181817,0.9545454545454546,2.3636363636363638,0.09090909090909091,0.36363636363636365,0.6818181818181818,1.1136363636363635,1.1590909090909092,2.1136363636363638,3.272727272727273,0.5909090909090909,0.5227272727272727,0.06818181818181818,0.29545454545454547,4.363636363636363
エリエット・ドンリー,14.755471698113208,2.943396226415094,1.2075471698113207,2.792452830188679,0.39622641509433965,1.0377358490566038,0.1320754716981132,0.22641509433962265,0.5660377358490566,1.2264150943396226,1.7924528301886793,0.7547169811320755,0.4339622641509434,0.20754716981132076,0.24528301886792453,2.811320754716981
エリック・ニッセン,6.7425,2.75,1.25,2.25,0,0,0.25,1.5,1.5,2.25,3.75,0.75,1,0.25,0,3.75
カイル・コリンズワース,24.697115384615383,8.384615384615385,3.576923076923077,6.903846153846154,0.2692307692307692,0.8461538461538461,0.9615384615384616,1.7307692307692308,3.0384615384615383,5.288461538461538,8.326923076923077,5.519230769230769,1.7307692307692308,1.0576923076923077,0.21153846153846154,17.53846153846154
カイル・バローン,9.229,3.6,1.4,2.4,0.1,0.2,0.7,1,0.9,2,2.9,0.2,0.6,0.1,0.4,5.7
カイル・ハント,29.054285714285715,16.877551020408163,7.285714285714286,12.10204081632653,0,0,2.306122448979592,3.5918367346938775,3.326530612244898,4.979591836734694,8.306122448979592,1.3673469387755102,1.469387755102041,1.1020408163265305,1.3061224489795917,21.224489795918366
カディーム・コールビー,26.46,12.342857142857143,4.857142857142857,7.514285714285714,0,0.02857142857142857,2.6285714285714286,4.3428571428571425,3.8857142857142857,4.057142857142857,7.942857142857143,2.4285714285714284,1.2857142857142858,1.0857142857142856,1.6285714285714286,20.942857142857143
キム・ティリ,17.314634146341465,5.829268292682927,2.073170731707317,5.219512195121951,1.146341463414634,3.4390243902439024,0.5365853658536586,0.6585365853658537,1.3658536585365855,3,4.365853658536586,1.4878048780487805,0.6585365853658537,0.6829268292682927,0.17073170731707318,7.414634146341464
キム・ティリー,5.53,3,1,1,1,1,0,0,0,3,3,0,1,0,0,5
ギャビン・エドワーズ,25.90207547169811,12.79245283018868,4.679245283018868,7.509433962264151,0.6226415094339622,1.471698113207547,2.811320754716981,3.7735849056603774,1.9056603773584906,4.226415094339623,6.132075471698113,1.6603773584905661,1.6603773584905661,0.7924528301886793,0.5283018867924528,17.09433962264151
ギャレット・スタツ,19.259807692307692,11.461538461538462,4.5576923076923075,8.115384615384615,0.15384615384615385,0.4230769230769231,2.1923076923076925,2.6923076923076925,1.7884615384615385,5.461538461538462,7.25,1.5961538461538463,1.6153846153846154,0.5,0.5192307692307693,15.403846153846153
キング開,7.2785714285714285,3.142857142857143,1,2.4285714285714284,0.8571428571428571,1.7142857142857142,0.2857142857142857,0.7142857142857143,0.42857142857142855,0.2857142857142857,0.7142857142857143,0.8571428571428571,0.42857142857142855,0.2857142857142857,0.14285714285714285,3.142857142857143
グレゴリー・エチェニケ,32.474909090909094,17.09090909090909,6.381818181818182,10.290909090909091,0,0.03636363636363636,4.327272727272727,5.836363636363636,3.309090909090909,6.454545454545454,9.763636363636364,2,2.0545454545454547,0.8,0.7818181818181819,25.254545454545454
ケドリック・ストックマン・ジュニア,8.410400000000001,2.12,0.88,2.42,0.2,0.86,0.16,0.28,0.32,0.46,0.78,1.24,1.08,0.34,0.08,1.22
ケビン・ジョーンズ,28.915744680851063,16.04255319148936,6.425531914893617,11.382978723404255,1,2.404255319148936,2.1914893617021276,3.276595744680851,2.5106382978723403,5.574468085106383,8.085106382978724,1.7234042553191489,0.6170212765957447,1.0851063829787233,0.6595744680851063,21.72340425531915
コー・フリッピン,8.662692307692307,2.75,1.0192307692307692,2.4615384615384617,0.17307692307692307,0.6923076923076923,0.5384615384615384,0.9423076923076923,0.28846153846153844,0.4807692307692308,0.7692307692307693,1.3269230769230769,0.7884615384615384,0.6153846153846154,0.21153846153846154,2.076923076923077
サーディ・ラベナ,19.501428571428573,7.761904761904762,3.0476190476190474,8.523809523809524,0.7142857142857143,2.619047619047619,0.9523809523809523,1.7619047619047619,0.6190476190476191,2.4761904761904763,3.0952380952380953,1.380952380952381,1.2857142857142858,0.6190476190476191,0.14285714285714285,5.0476190476190474
ザック・バランスキー,15.536785714285713,3.3392857142857144,1.2142857142857142,3.1785714285714284,0.6071428571428571,1.7857142857142858,0.30357142857142855,0.42857142857142855,0.42857142857142855,1.6071428571428572,2.0357142857142856,1.0892857142857142,0.42857142857142855,0.5357142857142857,0.07142857142857142,3.607142857142857
ジージオ・ベイン,17.475,4.5,2.25,3.25,0,0,0,0.5,0.75,3.5,4.25,0.5,1.25,0.25,0.75,4
ジェイソン・ウォッシュバーン,29.25521739130435,17.02173913043478,7,13.021739130434783,0.5434782608695652,1.434782608695652,2.4782608695652173,3.3260869565217392,2.391304347826087,5.739130434782608,8.130434782608695,1.7826086956521738,1.9130434782608696,0.6304347826086957,1.2826086956521738,21.08695652173913
シェーファーアヴィ幸樹,25.31981818181818,9.472727272727273,3.890909090909091,7.618181818181818,0.6727272727272727,1.8727272727272728,1.018181818181818,1.5636363636363637,1.3818181818181818,3.327272727272727,4.709090909090909,1.309090909090909,0.9090909090909091,0.4727272727272727,0.23636363636363636,10.50909090909091
ジェームズ・マイケル・マカドゥ,20.2816,10.4,4.22,7.4,0.02,0.1,1.94,3.4,2.34,3.74,6.08,1.28,1.04,1.3,0.3,14.24
シェーン・ウィティングトン,18.8294,9.66,3.56,6.38,1.26,2.82,1.28,1.7,1.18,2.66,3.84,0.82,0.7,0.56,0.34,11
ジェフ・エアーズ,26.054642857142856,13.25,4.482142857142857,9.107142857142858,1.4107142857142858,3.767857142857143,2.875,3.3392857142857144,1.7321428571428572,6.714285714285714,8.446428571428571,1.3928571428571428,1.7857142857142858,0.26785714285714285,0.6785714285714286,17.964285714285715
ジェフ・ギブス,19.827333333333332,9.116666666666667,3.3666666666666667,7,0.25,1.2333333333333334,2.1333333333333333,2.7,2.2666666666666666,3.9166666666666665,6.183333333333334,2.2333333333333334,1.0833333333333333,1.1166666666666667,0.3,13.35
ジャスティン・ハーパー,24.635714285714286,12.314285714285715,4.628571428571429,9.371428571428572,1.2285714285714286,3.257142857142857,1.8285714285714285,2.2857142857142856,1.6571428571428573,4.742857142857143,6.4,1.1714285714285715,1.3142857142857143,0.5428571428571428,0.4857142857142857,14.314285714285715
ジャスティン・バーレル,26.67723404255319,13.02127659574468,4.914893617021277,8.446808510638299,0.1702127659574468,0.44680851063829785,3.021276595744681,4.574468085106383,1.4042553191489362,6.212765957446808,7.617021276595745,2.765957446808511,1.8085106382978724,0.723404255319149,0.40425531914893614,19.851063829787233
ジャック・クーリー,28.086363636363636,16.363636363636363,6.072727272727272,10.127272727272727,0.01818181818181818,0.2,4.2,5.509090909090909,5,7.327272727272727,12.327272727272728,1.6727272727272726,1.6181818181818182,0.9272727272727272,0.5636363636363636,26.345454545454544
シャノン・ショーター,24.330185185185186,11.907407407407407,4.148148148148148,9.574074074074074,0.7777777777777778,2.8703703703703702,2.8333333333333335,3.3333333333333335,0.7962962962962963,3.8703703703703702,4.666666666666667,3.5925925925925926,1.2777777777777777,0.8518518518518519,0.14814814814814814,15.11111111111111
ジャマール・ソープ,8.935714285714285,3.5,1.1428571428571428,2,0,0.07142857142857142,1.2142857142857142,1.5714285714285714,0.9285714285714286,1.2142857142857142,2.142857142857143,0.42857142857142855,0.5714285714285714,0.07142857142857142,0.07142857142857142,4.071428571428571
ジャマリ・トレイラー,26.84689655172414,12.862068965517242,4.931034482758621,10.10344827586207,0.13793103448275862,1.0689655172413792,2.8620689655172415,3.896551724137931,2.310344827586207,4.482758620689655,6.793103448275862,2.2413793103448274,1.8620689655172413,1.6896551724137931,1.103448275862069,16.517241379310345
ジャワッド・ウィリアムズ,24.433061224489798,10.040816326530612,3.6122448979591835,8.775510204081632,1.4489795918367347,4.142857142857143,1.3673469387755102,1.7755102040816326,0.9591836734693877,3.163265306122449,4.122448979591836,1.469387755102041,1.1020408163265305,0.7142857142857143,0.20408163265306123,9.224489795918368
ジュリアン・マブンガ,33.321636363636365,19.90909090909091,6.218181818181818,13.381818181818181,2.272727272727273,6.181818181818182,5.2,7.509090909090909,1.0909090909090908,6,7.090909090909091,7.1454545454545455,3.6363636363636362,0.9454545454545454,0.4909090909090909,26.69090909090909
ジョーダン・テイラー,22.633469387755103,13.673469387755102,4.6938775510204085,11.36734693877551,1.2040816326530612,4.204081632653061,3.0816326530612246,3.979591836734694,0.6326530612244898,3.1020408163265305,3.7346938775510203,4.6938775510204085,2.0816326530612246,1.346938775510204,0.08163265306122448,15.775510204081632
ジョーダン・ハミルトン,32.925555555555555,20.85185185185185,7.555555555555555,17.22222222222222,2.685185185185185,8.185185185185185,3.0555555555555554,4.518518518518518,1.2222222222222223,7.111111111111111,8.333333333333334,6.018518518518518,2.9444444444444446,1.3148148148148149,0.2777777777777778,23.85185185185185
ジョーダン・ヒース,26.23840909090909,10.681818181818182,4.090909090909091,7.545454545454546,1.0454545454545454,3.0454545454545454,1.4545454545454546,2.727272727272727,1.5681818181818181,5.431818181818182,7,1.0454545454545454,0.8181818181818182,0.8181818181818182,1.4318181818181819,15.227272727272727
ジョーダン・フェイゾン,33.8875,21,8.75,14.75,0.25,2,3.25,5.25,2.25,6,8.25,2,2.25,0,1.5,23.5
ジョシュ・スコット,23.18949152542373,11.796610169491526,4.52542372881356,7.169491525423729,0,0.03389830508474576,2.7457627118644066,4.338983050847458,3.3389830508474576,5,8.3389830508474585,0.9661016949152542,1.0169491525423728,0.711864406779661,1.3220338983050848,19.406779661016948
ジョシュ・ダンカン,23.59767857142857,13.535714285714286,4.625,8.482142857142858,0.7678571428571429,1.9642857142857142,3.517857142857143,4.410714285714286,1.9107142857142858,5.160714285714286,7.071428571428571,1.4821428571428572,1.3571428571428572,0.4642857142857143,0.2857142857142857,18.053571428571427
ジョシュ・ハレルソン,29.662407407407407,12.62962962962963,5.055555555555555,11.074074074074074,1.2592592592592593,3.5555555555555554,1.2592592592592593,1.7962962962962963,2.4814814814814814,6.981481481481482,9.462962962962964,3.0185185185185186,1.6666666666666667,1.1296296296296295,0.9814814814814815,18.333333333333332
ジョシュ・ホーキンソン,25.84936170212766,15.808510638297872,5.212765957446808,10.53191489361702,1.8085106382978724,4.702127659574468,3.574468085106383,4.297872340425532,1.9148936170212767,6.085106382978723,8,2.276595744680851,1.297872340425532,0.6382978723404256,0.6170212765957447,21.872340425531913
ジョシュア・スミス,26.655094339622643,15.981132075471699,5.943396226415095,8.433962264150944,0.018867924528301886,0.05660377358490566,4.0754716981132075,5.867924528301887,3.4150943396226414,6.245283018867925,9.660377358490566,2.5660377358490565,1.5471698113207548,0.6981132075471698,0.5283018867924528,25.50943396226415
ジョナサン・オクテウス,18.29418181818182,12.527272727272727,4.636363636363637,10.781818181818181,1.2545454545454546,3.727272727272727,2,2.890909090909091,1.0909090909090908,2.418181818181818,3.5090909090909093,1.8909090909090909,1.2181818181818183,0.8,0.2545454545454545,10.963636363636363
ステヴァン・イェロヴァツ,30.863076923076925,18.846153846153847,6,13.807692307692308,1.9038461538461537,5.288461538461538,4.9423076923076925,5.519230769230769,2.1346153846153846,6.826923076923077,8.961538461538462,1.8846153846153846,1.9230769230769231,0.6346153846153846,0.11538461538461539,22.01923076923077
セドリック・シモンズ,13.277368421052632,4.7368421052631575,2.1052631578947367,2.9473684210526314,0,0,0.5263157894736842,1.5263157894736843,1.2105263157894737,2.6315789473684212,3.8421052631578947,0.7368421052631579,0.5263157894736842,0.42105263157894735,1.1578947368421053,7.7368421052631575
セバスチャン・サイズ,27.998421052631578,17.087719298245613,6.12280701754386,11.614035087719298,0.5789473684210527,1.8596491228070176,4.2631578947368425,5.4035087719298245,3.807017543859649,7.894736842105263,11.701754385964913,1.2456140350877194,1.6842105263157894,0.6842105263157895,1.0175438596491229,24.719298245614034
ダバンテ・ガードナー,29.911272727272728,19.545454545454547,7.527272727272727,13.50909090909091,1,3.2545454545454544,3.4909090909090907,4.1454545454545455,1.1818181818181819,6.254545454545455,7.4363636363636365,4.890909090909091,1.8,0.8909090909090909,0.4,26.054545454545455
チャールズ・ジャクソン,25.9575,15.566666666666666,6.316666666666666,9.583333333333334,0,0.016666666666666666,2.933333333333333,5.166666666666667,3.6333333333333333,5.183333333333334,8.816666666666666,1.5666666666666667,2.2333333333333334,1.1833333333333333,0.5666666666666667,21.2
チリジ・ネパウェ,15.36923076923077,6.384615384615385,2.3846153846153846,4.153846153846154,0,0,1.6153846153846154,3,2.076923076923077,3.769230769230769,5.846153846153846,0.5384615384615384,0.8461538461538461,0.23076923076923078,0.5384615384615384,9.923076923076923
ディージェイ・ニュービル,30.4058,19.34,6.32,11.9,2.86,6.46,3.84,4.84,0.54,3.2,3.74,6,2.06,1.22,0.14,24.04
デイヴィッド・サイモン,28.93982456140351,17.80701754385965,7.035087719298246,13.912280701754385,0.43859649122807015,1.3859649122807018,3.2982456140350878,5.0701754385964914,0.9824561403508771,6.280701754385965,7.2631578947368425,2.175438596491228,1.9298245614035088,0.8421052631578947,1.1228070175438596,21.140350877192983
テーブス海,16.348333333333333,5.95,2.183333333333333,5.8,0.6,2.05,0.9833333333333333,1.45,0.26666666666666666,1.4833333333333334,1.75,2.6166666666666667,1.2,0.55,0,5.066666666666666
デション・トーマス,24.66,16.6,5.8,12.177777777777777,1.511111111111111,3.6444444444444444,3.488888888888889,4.4,1.511111111111111,3.1777777777777776,4.688888888888889,1.711111111111111,1.0444444444444445,0.4,0.17777777777777778,16.622222222222224
デモン・ブルックス,30.751428571428573,17.946428571428573,6.5,13.196428571428571,1.3035714285714286,3.9107142857142856,3.642857142857143,4.321428571428571,1.9107142857142858,4.767857142857143,6.678571428571429,2.4107142857142856,2.232142857142857,1.0178571428571428,0.30357142857142855,19.142857142857142
ドウェイン・エバンス,26.622307692307693,17.21153846153846,6.153846153846154,11.057692307692308,0.7115384615384616,1.9423076923076923,4.1923076923076925,5.403846153846154,1.75,6.269230769230769,8.01923076923077,2.673076923076923,1.9038461538461537,1.25,0.3269230769230769,25.096153846153847
トーマス・ケネディ,27.459230769230768,16.307692307692307,6.1923076923076925,13.653846153846153,2.230769230769231,5.788461538461538,1.6923076923076923,2.0384615384615383,0.6153846153846154,3.6538461538461537,4.269230769230769,2.3653846153846154,1.6153846153846154,0.8846153846153846,0.19230769230769232,13.26923076923077
ナナーダニエル弾,1.3964705882352941,0.7058823529411765,0.29411764705882354,0.6470588235294118,0.058823529411764705,0.058823529411764705,0.058823529411764705,0.23529411764705882,0,0.11764705882352941,0.11764705882352941,0,0.23529411764705882,0,0,-0.29411764705882354
ニック・ファジーカス,29.979285714285716,20.660714285714285,7.696428571428571,14.410714285714286,1.5892857142857142,3.607142857142857,3.6785714285714284,4.339285714285714,1.9642857142857142,7.732142857142857,9.696428571428571,3.7142857142857144,2.232142857142857,0.9107142857142857,0.30357142857142855,27.375
ニック・メイヨ,33.622727272727275,21.490909090909092,8.418181818181818,15.89090909090909,1.4727272727272727,3.5272727272727273,3.1818181818181817,3.8727272727272726,2.3636363636363638,5.654545454545454,8.018181818181818,2.2181818181818183,1.7818181818181817,0.8909090909090909,0.7454545454545455,24.181818181818183
ネナド・ミリェノヴィッチ,11.75925,5.35,2.1,4.45,0.15,0.575,1,1.425,0.375,0.925,1.3,2.45,1.225,0.55,0.025,5.625
ハーパージャンジュニア,3.328,1.8,0.8,2,0,0.6,0.2,0.4,0,0.6,0.6,0.2,0.6,0,0,0.2
パトリック・アウダ,25.377924528301886,15.622641509433961,6,10.641509433962264,0.3584905660377358,0.9056603773584906,3.2641509433962264,5.226415094339623,1.679245283018868,3.8867924528301887,5.566037735849057,2,2.2830188679245285,0.6037735849056604,0.3018867924528302,16.547169811320753
ハビエル・カーター,21.973508771929826,8.912280701754385,3.3508771929824563,7.701754385964913,1.1228070175438596,3.3859649122807016,1.087719298245614,1.5789473684210527,1.3333333333333333,3.9649122807017543,5.298245614035087,1.4035087719298245,0.9298245614035088,0.8596491228070176,0.7017543859649122,10.614035087719298
パブロ・アギラール,26.157931034482758,11.53448275862069,4.551724137931035,8.551724137931034,0.8620689655172413,2.8275862068965516,1.5689655172413792,2.793103448275862,2.3448275862068964,5.568965517241379,7.913793103448276,2.3793103448275863,1.1896551724137931,1.8620689655172413,0.5344827586206896,18.32758620689655
ファイパプ月瑠,20.428125,3.7708333333333335,1.4375,3.4375,0,0,0.8958333333333334,2.0208333333333335,1.625,2.7916666666666665,4.416666666666667,0.6666666666666666,0.6041666666666666,0.5,0.16666666666666666,4.583333333333333
ペリン・ビュフォード,23.858541666666667,13.541666666666666,5.083333333333333,10.625,0.7916666666666666,2.375,2.5833333333333335,3.4791666666666665,1.2708333333333333,4.916666666666667,6.1875,3.9166666666666665,2.0208333333333335,0.9583333333333334,0.9375,18.375
ベンジャミン・ローソン,24.151333333333334,8.866666666666667,3.7333333333333334,6,0,0.06666666666666667,1.4,2.4,2.1333333333333333,5.466666666666667,7.6,1.4666666666666666,1.2666666666666666,0.7333333333333333,0.8,15.2
ベンドラメ礼生,22.540666666666667,10.3,3.65,9.316666666666666,1.1666666666666667,3.5,1.8333333333333333,2.2,0.8666666666666667,1.4166666666666667,2.283333333333333,4.483333333333333,2.033333333333333,1.2833333333333334,0.05,10.583333333333334
マーク・セントフォート,11.48391304347826,7.043478260869565,2.391304347826087,4.217391304347826,0.43478260869565216,1.0434782608695652,1.826086956521739,2.217391304347826,0.8260869565217391,2.1739130434782608,3,0.782608695652174,1.2173913043478262,0.30434782608695654,0.5217391304347826,8.130434782608695
マット・ボンズ,15.23,7.285714285714286,2.7857142857142856,5.428571428571429,0.21428571428571427,0.2857142857142857,1.5,2.642857142857143,1.7142857142857142,2.142857142857143,3.857142857142857,1.0714285714285714,0.7142857142857143,0.7857142857142857,0.42857142857142855,7.785714285714286
マティアス・カルファニ,15.381851851851852,6.7407407407407405,2.2222222222222223,4.7407407407407405,0.2962962962962963,1.5925925925925926,2,2.5185185185185186,0.9629629629629629,2.4814814814814814,3.4444444444444446,1.6666666666666667,1.2592592592592593,0.8148148148148148,0.7777777777777778,9.703703703703704
ムッサ・ダマ,15.365714285714285,7.571428571428571,3.4285714285714284,5.142857142857143,0,0,0.7142857142857143,0.8571428571428571,2.4285714285714284,3.2857142857142856,5.714285714285714,0.7142857142857143,0.7142857142857143,0.2857142857142857,0.42857142857142855,9.714285714285714
ヤンジェミン,7.45,2.1956521739130435,0.8043478260869565,2.130434782608696,0.17391304347826086,0.8043478260869565,0.41304347826086957,0.5652173913043478,0.3695652173913043,0.9347826086956522,1.3043478260869565,0.2608695652173913,0.3695652173913043,0.2826086956521739,0,1.9782608695652173
ライアン・ケリー,28.415102040816326,21.06122448979592,7.551020408163265,15.204081632653061,2.510204081632653,6.36734693877551,3.4489795918367347,4.061224489795919,1.0612244897959184,4.36734693877551,5.428571428571429,2.6122448979591835,1.163265306122449,1.0816326530612246,0.7551020408163265,23.306122448979593
ライアン・ロシター,24.073571428571427,12.875,5.089285714285714,10.232142857142858,0.7321428571428571,1.875,1.9642857142857142,3.5357142857142856,2.0714285714285716,5.535714285714286,7.607142857142857,4.071428571428571,1.5714285714285714,1.25,0.5357142857142857,20.267857142857142
ラシードファラーズ,0.725,0,0,0.25,0,0,0,0,0,0.25,0.25,0,0,0,0.25,0.25
リード・トラビス,27.048837209302324,16.46511627906977,6.395348837209302,12.976744186046512,0.6976744186046512,2.6511627906976742,2.9767441860465116,4.069767441860465,3.0930232558139537,4.325581395348837,7.4186046511627906,1.2093023255813953,1.255813953488372,0.6976744186046512,0.3488372093023256,17.767441860465116
リチャード・ソロモン,21.59952380952381,14.357142857142858,5.5476190476190474,9.547619047619047,0.47619047619047616,1.7619047619047619,2.7857142857142856,4.238095238095238,2.380952380952381,6.309523809523809,8.69047619047619,1.119047619047619,1.5,0.6428571428571429,0.47619047619047616,19.428571428571427
リチャード・ヘンドリックス,30.943,12.2,5.3,10.3,0.1,0.7,1.5,2.3,2.3,6.6,8.9,3.5,2.4,1.6,1.1,17.2
ルーク・エヴァンス,24.6975,10.5,4.25,9,0.25,1.25,1.75,3.25,1.75,6.25,8,1.75,1,1.25,0.5,14.25
レイヴォンテ・ライス,25.609607843137255,19.980392156862745,6.137254901960785,13.588235294117647,1.411764705882353,4.1568627450980395,6.294117647058823,7.509803921568627,1.2941176470588236,3.8627450980392157,5.1568627450980395,2.7254901960784315,1.4509803921568627,1.3529411764705883,0.29411764705882354,23.215686274509803
レオ・ライオンズ,29.833673469387755,15.755102040816327,5.673469387755102,10.959183673469388,1.4285714285714286,3.510204081632653,2.979591836734694,3.6122448979591835,0.8775510204081632,6.142857142857143,7.020408163265306,3.6122448979591835,2.061224489795918,0.5306122448979592,0.1836734693877551,20.081632653061224
レジナルド・ベクトン,24.83622641509434,11.075471698113208,4.735849056603773,8.056603773584905,0.018867924528301886,0.07547169811320754,1.5849056603773586,3.3773584905660377,3.150943396226415,5.30188679245283,8.452830188679245,1.6037735849056605,1.8867924528301887,0.6415094339622641,0.8301886792452831,15.132075471698114
ロスコ・アレン,27.86925925925926,17.074074074074073,5.907407407407407,12.351851851851851,0.9629629629629629,3.185185185185185,4.296296296296297,5.574074074074074,1.8888888888888888,5.5,7.388888888888889,2.4444444444444446,1.8703703703703705,0.7592592592592593,0.25925925925925924,21.38888888888889
ロバート・カーター,29.656222222222222,17.42222222222222,6.5777777777777775,14.466666666666667,1.8222222222222222,5.711111111111111,2.4444444444444446,3.466666666666667,1.2666666666666666,6.511111111111111,7.777777777777778,3.2222222222222223,1.8666666666666667,1.1111111111111112,0.9111111111111111,20.533333333333335
阿部友和,5.124390243902439,1.3658536585365855,0.4634146341463415,1,0.34146341463414637,0.6829268292682927,0.0975609756097561,0.12195121951219512,0.07317073170731707,0.2926829268292683,0.36585365853658536,0.8292682926829268,0.36585365853658536,0.0975609756097561,0,1.4390243902439024
阿部諒,20.121,5.583333333333333,2.1166666666666667,5.383333333333334,0.7333333333333333,2.466666666666667,0.6166666666666667,0.9,0.6,1.6333333333333333,2.2333333333333334,1.85,1.15,0.8166666666666667,0.11666666666666667,4.95
飴谷由毅,4.8966666666666665,1.5555555555555556,0.5555555555555556,1.1666666666666667,0.16666666666666666,0.4444444444444444,0.2777777777777778,0.7777777777777778,0.3333333333333333,0.4444444444444444,0.7777777777777778,0.16666666666666666,0.1111111111111111,0.16666666666666666,0,1.1111111111111112
安藤周人,25.054901960784314,8.92156862745098,3.156862745098039,7.392156862745098,1.5294117647058822,4.254901960784314,1.0784313725490196,1.3137254901960784,0.3137254901960784,1.9803921568627452,2.2941176470588234,1.9803921568627452,1.2156862745098038,0.803921568627451,0.21568627450980393,8.019607843137255
安藤誓哉,22.68642857142857,10.321428571428571,3.732142857142857,8.642857142857142,1.4107142857142858,3.5892857142857144,1.4464285714285714,1.7857142857142858,0.375,1.375,1.75,3.9285714285714284,1.4464285714285714,0.6428571428571429,0.017857142857142856,10
伊藤駿,8.785714285714286,2.232142857142857,0.9642857142857143,2.4464285714285716,0.10714285714285714,0.30357142857142855,0.19642857142857142,0.26785714285714285,0.3392857142857143,0.6964285714285714,1.0357142857142858,1.5892857142857142,0.7321428571428571,0.5714285714285714,0.017857142857142856,2.6785714285714284
伊藤大司,7.457796610169492,0.7288135593220338,0.2711864406779661,1.305084745762712,0.0847457627118644,0.6271186440677966,0.1016949152542373,0.1694915254237288,0.2033898305084746,0.3389830508474576,0.5423728813559322,0.5084745762711864,0.23728813559322035,0.22033898305084745,0,0.3050847457627119
伊藤達哉,18.394166666666667,4.875,2.0833333333333335,5.25,0.1875,1.0208333333333333,0.5208333333333334,0.8541666666666666,0.2916666666666667,1.1666666666666667,1.4583333333333333,4.354166666666667,1.7708333333333333,0.7083333333333334,0.020833333333333332,6.104166666666667
伊藤領,0.6033333333333333,0,0,0.1111111111111111,0,0,0,0.2222222222222222,0,0,0,0.1111111111111111,0.2222222222222222,0,0,-0.3333333333333333
井上宗一郎,8.580666666666666,1.6,0.4666666666666667,1.8,0.2,0.9333333333333333,0.4666666666666667,0.5333333333333333,0.3333333333333333,1.0666666666666667,1.4,0.06666666666666667,0.13333333333333333,0.13333333333333333,0,1.1333333333333333
井上裕介,3.5826000000000002,1.38,0.5,1.28,0.36,0.9,0.02,0.08,0.06,0.34,0.4,0.12,0.1,0.06,0.04,0.78
宇都直輝,23.2305,10.4,3.9166666666666665,7.533333333333333,0.08333333333333333,0.3333333333333333,2.4833333333333334,3.0833333333333335,0.7166666666666667,1.6166666666666667,2.3333333333333335,3.816666666666667,2,0.9166666666666666,0.11666666666666667,12.35
永吉佑也,21.067543859649124,3.017543859649123,0.9298245614035088,2.43859649122807,0.40350877192982454,1.1929824561403508,0.7543859649122807,0.9473684210526315,0.6140350877192983,1.9824561403508771,2.5964912280701755,0.8070175438596491,0.3508771929824561,0.3508771929824561,0.15789473684210525,3.754385964912281
遠藤善,2.754166666666667,1.4166666666666667,0.5833333333333334,0.9166666666666666,0.25,0.5,0,0,0,0.3333333333333333,0.3333333333333333,0.08333333333333333,0.16666666666666666,0,0.16666666666666666,1
遠藤祐亮,21.663508771929823,7.087719298245614,2.6315789473684212,7.245614035087719,1.5087719298245614,4.017543859649122,0.3157894736842105,0.5087719298245614,0.22807017543859648,1.3157894736842106,1.543859649122807,2.0350877192982457,1.105263157894737,0.6842105263157895,0.07017543859649122,3.8947368421052633
王偉嘉,4.8705,1.5,0.7,1.35,0,0,0.1,0.3,0.8,0.5,1.3,0.2,0.5,0.05,0.05,1.15
岡田慎吾,19.413333333333334,2.6444444444444444,1.0888888888888888,3.1333333333333333,0.3333333333333333,1.7333333333333334,0.13333333333333333,0.15555555555555556,0.7555555555555555,1.9111111111111112,2.6666666666666665,1.4222222222222223,0.28888888888888886,0.5555555555555556,0.022222222222222223,4.022222222222222
岡田侑大,21.928793103448275,9.517241379310345,3.4310344827586206,7.637931034482759,1.396551724137931,3.189655172413793,1.2586206896551724,1.6551724137931034,0.3793103448275862,1.4655172413793103,1.8448275862068966,2,1.206896551724138,0.6551724137931034,0.06896551724137931,7.379310344827586
岡本飛竜,12.403396226415094,2.6792452830188678,0.9433962264150944,2.641509433962264,0.37735849056603776,1.0566037735849056,0.41509433962264153,0.4339622641509434,0.20754716981132076,0.8867924528301887,1.0943396226415094,1.6981132075471699,0.9433962264150944,0.4716981132075472,0,2.7358490566037736
下山貴裕,7.848,0.6,0.3,1.5,0,0,0,0,0.2,0.2,0.4,0.2,0.4,0.1,0.1,-2
加藤寿一,1.3149090909090908,0.2545454545454545,0.09090909090909091,0.4,0.03636363636363636,0.2,0.03636363636363636,0.05454545454545454,0.03636363636363636,0.09090909090909091,0.12727272727272726,0.05454545454545454,0.01818181818181818,0.01818181818181818,0,-0.10909090909090909
河村勇輝,21.271875,6,2.0625,7.4375,0.9375,4.5625,0.9375,1.3125,0.4375,1.875,2.3125,3.4375,1.625,1.5,0,5.5625
角野亮伍,10.551538461538462,3.4615384615384617,1.3846153846153846,2.826923076923077,0.40384615384615385,1.2884615384615385,0.28846153846153844,0.38461538461538464,0.11538461538461539,0.4423076923076923,0.5576923076923077,0.5769230769230769,0.38461538461538464,0.17307692307692307,0.057692307692307696,2.826923076923077
葛原大智,19.099322033898304,4.813559322033898,1.6610169491525424,4.508474576271187,0.6949152542372882,2.1864406779661016,0.7966101694915254,1,0.3389830508474576,2.0508474576271185,2.389830508474576,1.1694915254237288,0.8305084745762712,0.8135593220338984,0.03389830508474576,4.203389830508475
関野剛平,15.030666666666667,4.133333333333334,1.3,3.316666666666667,0.6833333333333333,2.033333333333333,0.85,1.1333333333333333,0.3333333333333333,0.6666666666666666,1,0.7833333333333333,0.5833333333333334,0.5666666666666667,0.05,2.8666666666666667
岸本隆一,21.68125,8.625,2.9107142857142856,7.035714285714286,1.9464285714285714,5.035714285714286,0.8571428571428571,1.0535714285714286,0.26785714285714285,1.4821428571428572,1.75,2.5357142857142856,0.9642857142857143,0.5892857142857143,0.017857142857142856,7.285714285714286
喜多川修平,11.068,4.083333333333333,1.3833333333333333,3.783333333333333,0.7833333333333333,2.183333333333333,0.5333333333333333,0.6666666666666666,0.2,0.6833333333333333,0.8833333333333333,0.36666666666666664,0.11666666666666667,0.2,0.03333333333333333,2.1666666666666665
菊地祥平,11.946964285714285,2.267857142857143,0.9464285714285714,2.2857142857142856,0.19642857142857142,0.6428571428571429,0.17857142857142858,0.2857142857142857,0.30357142857142855,1.5357142857142858,1.8392857142857142,1.2321428571428572,0.5,0.5,0.017857142857142856,2.107142857142857
菊池真人,4.061764705882353,0.8823529411764706,0.3137254901960784,0.8627450980392157,0.09803921568627451,0.43137254901960786,0.1568627450980392,0.23529411764705882,0.21568627450980393,0.27450980392156865,0.49019607843137253,0.17647058823529413,0.09803921568627451,0.0784313725490196,0.058823529411764705,0.2549019607843137
吉井裕鷹,0,0,0,0,0,0,0,0,0,0,0,0,0,0,0,0
久保田義章,10.878947368421052,2.280701754385965,0.7017543859649122,1.8421052631578947,0.17543859649122806,0.5614035087719298,0.7017543859649122,0.8421052631578947,0.21052631578947367,0.6842105263157895,0.8947368421052632,1.6491228070175439,0.8070175438596491,0.2631578947368421,0,2.982456140350877
橋本晃佑,13.89132075471698,4.849056603773585,1.679245283018868,4.0754716981132075,0.9245283018867925,2.3207547169811322,0.5660377358490566,0.8113207547169812,0.4716981132075472,1.6037735849056605,2.0754716981132075,0.7358490566037735,0.41509433962264153,0.16981132075471697,0.18867924528301888,4.245283018867925
橋本尚明,8.703333333333333,2.8095238095238093,1.0952380952380953,2.9047619047619047,0.38095238095238093,1.4761904761904763,0.23809523809523808,0.2857142857142857,0.19047619047619047,0.23809523809523808,0.42857142857142855,0.47619047619047616,0.38095238095238093,0.5714285714285714,0,1.2380952380952381
橋本拓哉,29.599,13.425,4.925,10,1.4,3.25,2.175,2.525,0.35,1.7,2.05,2.325,1.6,0.575,0.375,10.95
橋本竜馬,18.100526315789473,4.017543859649122,1.4210526315789473,3.491228070175439,0.2807017543859649,1.1929824561403508,0.8947368421052632,1,0.40350877192982454,1.2982456140350878,1.7017543859649122,3.1403508771929824,0.9122807017543859,0.8947368421052632,0,5.333333333333333
玉木祥護,4.189152542372882,1.305084745762712,0.576271186440678,1.1355932203389831,0.11864406779661017,0.1864406779661017,0.03389830508474576,0.1016949152542373,0.15254237288135594,0.2711864406779661,0.423728813559322,0.1016949152542373,0.2033898305084746,0.01694915254237288,0.01694915254237288,0.1694915254237288
金丸晃輔,26.25181818181818,16.163636363636364,5.9818181818181815,12.145454545454545,2.6,5.581818181818182,1.6,1.7636363636363637,0.18181818181818182,1.2727272727272727,1.4545454545454546,1.1090909090909091,0.7818181818181819,0.41818181818181815,0.01818181818181818,13.436363636363636
駒水大雅ジャック,2.283478260869565,0.6739130434782609,0.2608695652173913,0.6739130434782609,0.06521739130434782,0.3695652173913043,0.08695652173913043,0.08695652173913043,0.08695652173913043,0.41304347826086957,0.5,0.06521739130434782,0.1956521739130435,0,0,0.32608695652173914
熊谷航,9.956296296296296,2.759259259259259,0.9814814814814815,2.3703703703703702,0.2962962962962963,0.8703703703703703,0.5,0.6296296296296297,0.2037037037037037,0.6296296296296297,0.8333333333333334,1.1851851851851851,0.35185185185185186,0.24074074074074073,0.018518518518518517,2.925925925925926
熊谷尚也,12.2846,3.5,1.34,3.16,0.3,1.1,0.52,0.76,0.38,0.66,1.04,0.78,0.6,0.34,0.1,2.18
栗原ルイス,21.056136363636362,5.659090909090909,1.9090909090909092,5.545454545454546,1.1818181818181819,3.6818181818181817,0.6590909090909091,1,0.5,1.8863636363636365,2.3863636363636362,1.8181818181818181,1.3636363636363635,0.7045454545454546,0.045454545454545456,4.7727272727272725
原修太,21.059298245614034,6.2631578947368425,2.3508771929824563,5.087719298245614,1.0526315789473684,2.526315789473684,0.5087719298245614,0.7368421052631579,0.3157894736842105,1.1578947368421053,1.4736842105263157,1.912280701754386,0.7543859649122807,0.49122807017543857,0.12280701754385964,5.4035087719298245
古川孝敏,21.765254237288136,9.11864406779661,3.3728813559322033,7.983050847457627,1,2.559322033898305,1.3728813559322033,1.5084745762711864,0.23728813559322035,1.6779661016949152,1.9152542372881356,1.576271186440678,0.8813559322033898,0.576271186440678,0.01694915254237288,7.576271186440678
古野拓巳,16.27574074074074,3.759259259259259,1.2037037037037037,3.314814814814815,0.7037037037037037,2.0185185185185186,0.6481481481481481,0.7407407407407407,0.5370370370370371,0.7962962962962963,1.3333333333333333,4.018518518518518,1.5740740740740742,0.7222222222222222,0,4.888888888888889
五十嵐圭,24.421666666666667,7.333333333333333,2.4166666666666665,5.666666666666667,1.375,3.8958333333333335,1.125,1.2916666666666667,0.3125,1.7708333333333333,2.0833333333333335,3.9375,1.9791666666666667,0.7916666666666666,0.0625,8.3125
後藤翔平,9.216727272727272,2.1636363636363636,0.8,1.6727272727272726,0.2545454545454545,0.6727272727272727,0.3090909090909091,0.45454545454545453,0.36363636363636365,0.7090909090909091,1.0727272727272728,0.7272727272727273,0.3090909090909091,0.4,0,2.9272727272727272
広瀬健太,16.186610169491527,4.101694915254237,1.271186440677966,4.084745762711864,0.423728813559322,1.6101694915254237,1.1355932203389831,1.6101694915254237,0.864406779661017,1.4067796610169492,2.2711864406779663,1.6101694915254237,1.1016949152542372,0.7796610169491526,0.22033898305084745,3.3220338983050848
荒谷裕秀,1.1230434782608696,0.4782608695652174,0.17391304347826086,0.5217391304347826,0.043478260869565216,0.13043478260869565,0.08695652173913043,0.17391304347826086,0,0.08695652173913043,0.08695652173913043,0.13043478260869565,0.17391304347826086,0,0.043478260869565216,-0.08695652173913043
荒尾岳,4.373454545454545,0.07272727272727272,0.03636363636363636,0.05454545454545454,0,0,0,0,0.07272727272727272,0.45454545454545453,0.5272727272727272,0.2727272727272727,0.12727272727272726,0.09090909090909091,0,0.16363636363636364
高橋耕陽,8.992,3.3636363636363638,1.290909090909091,3.1818181818181817,0.5272727272727272,1.6363636363636365,0.2545454545454545,0.36363636363636365,0.18181818181818182,0.509090909090909,0.6909090909090909,0.7090909090909091,0.6727272727272727,0.18181818181818182,0.01818181818181818,2
高原晟也,4.714285714285714,1.7142857142857142,0.7142857142857143,1.2857142857142858,0.14285714285714285,0.7142857142857143,0.14285714285714285,0.2857142857142857,0.14285714285714285,0.2857142857142857,0.42857142857142855,0.14285714285714285,0.14285714285714285,0.14285714285714285,0,1.1428571428571428
高島紳司,15.682727272727274,4.363636363636363,1.5454545454545454,3.727272727272727,1,2.272727272727273,0.2727272727272727,0.36363636363636365,0.6363636363636364,0.36363636363636365,1,1.0909090909090908,0,0.36363636363636365,0.09090909090909091,3.4545454545454546
合田怜,15.228333333333333,3,1.1666666666666667,2.6666666666666665,0.5,1.6666666666666667,0.16666666666666666,0.16666666666666666,0.16666666666666666,0.6666666666666666,0.8333333333333334,1.5,0.6666666666666666,0.25,0,2.8333333333333335
今川友哲,12.720363636363636,2.8363636363636364,1.1272727272727272,2.2181818181818183,0.09090909090909091,0.5454545454545454,0.4909090909090909,0.6363636363636364,1.0363636363636364,0.8545454545454545,1.8909090909090909,0.5454545454545454,0.5636363636363636,0.2727272727272727,0.01818181818181818,2.018181818181818
今村佳太,22.75392857142857,9.75,3.4642857142857144,8.660714285714286,1.75,5.017857142857143,1.0714285714285714,1.375,0.6071428571428571,1.7142857142857142,2.3214285714285716,1.5892857142857142,1.1785714285714286,0.9642857142857143,0.08928571428571429,7
根來新之助,5.362592592592592,0.8888888888888888,0.3333333333333333,0.9444444444444444,0.18518518518518517,0.6111111111111112,0.037037037037037035,0.07407407407407407,0.24074074074074073,0.35185185185185186,0.5925925925925926,0.1111111111111111,0.09259259259259259,0.07407407407407407,0.018518518518518517,0.2777777777777778
佐土原遼,8.941875,3.5625,1.375,3.5625,0.1875,1.1875,0.625,0.9375,0.3125,0.8125,1.125,0.8125,0.5625,0.25,0,2.6875
佐藤公威,17.212777777777777,3.611111111111111,1.2592592592592593,3.7222222222222223,0.7962962962962963,2.3518518518518516,0.2962962962962963,0.2962962962962963,0.14814814814814814,1.0740740740740742,1.2222222222222223,0.9629629629629629,0.6296296296296297,0.2962962962962963,0.018518518518518517,2.111111111111111
佐藤卓磨,17.733888888888888,4.351851851851852,1.5555555555555556,3.240740740740741,0.6111111111111112,1.6666666666666667,0.6296296296296297,0.7777777777777778,0.7777777777777778,0.9259259259259259,1.7037037037037037,0.9444444444444444,0.5370370370370371,0.48148148148148145,0.2037037037037037,3.8518518518518516
佐藤託矢,1.6695238095238094,0.38095238095238093,0.09523809523809523,0.21428571428571427,0.023809523809523808,0.07142857142857142,0.16666666666666666,0.2857142857142857,0.047619047619047616,0.19047619047619047,0.23809523809523808,0.047619047619047616,0.09523809523809523,0.047619047619047616,0.023809523809523808,0.09523809523809523
細川一輝,19.412456140350876,4.807017543859649,1.7894736842105263,4.052631578947368,1.0175438596491229,2.456140350877193,0.21052631578947367,0.24561403508771928,0.5614035087719298,1.5614035087719298,2.1228070175438596,1.1578947368421053,0.5614035087719298,0.5087719298245614,0.017543859649122806,4.228070175438597
細谷将司,13.864915254237289,6.52542372881356,2.3220338983050848,6.0508474576271185,1.0847457627118644,3.3389830508474576,0.7966101694915254,0.8813559322033898,0.06779661016949153,0.576271186440678,0.6440677966101694,1.88135593220339,0.9491525423728814,0.23728813559322035,0,4.661016949152542
坂本聖芽,6.959090909090909,3.272727272727273,1.1818181818181819,2.727272727272727,0.18181818181818182,0.5454545454545454,0.7272727272727273,0.8181818181818182,0.18181818181818182,0.45454545454545453,0.6363636363636364,0.09090909090909091,0.6363636363636364,0,0,1.8181818181818181
桜井良太,9.036551724137931,1.0862068965517242,0.43103448275862066,1.2758620689655173,0.08620689655172414,0.39655172413793105,0.13793103448275862,0.1896551724137931,0.43103448275862066,0.9482758620689655,1.3793103448275863,0.5862068965517241,0.4482758620689655,0.3793103448275862,0.08620689655172414,1.0862068965517242
笹山貴哉,15.723947368421053,5.7894736842105265,2.1052631578947367,5.921052631578948,1.0263157894736843,3.263157894736842,0.5526315789473685,0.7894736842105263,0.3684210526315789,1.0789473684210527,1.4473684210526316,2.9210526315789473,1.1578947368421053,0.7105263157894737,0,5.026315789473684
笹山陸,2.415,0,0,1,0,1,0,0,0,0,0,0,0.5,0,0,-2.5
三ツ井利也,22.690416666666668,2.9375,0.9791666666666666,2.5833333333333335,0.5625,2.0208333333333335,0.4166666666666667,0.5,0.5208333333333334,2.1875,2.7083333333333335,0.6458333333333334,0.3541666666666667,0.375,0.10416666666666667,3.1875
山下泰弘,15.081206896551723,3.3793103448275863,1.293103448275862,3.2758620689655173,0.5,1.4482758620689655,0.29310344827586204,0.41379310344827586,0.3275862068965517,1.3793103448275863,1.706896551724138,2.6206896551724137,0.5862068965517241,0.6724137931034483,0.08620689655172414,5.189655172413793
山口祐希,2.889473684210526,0.40350877192982454,0.14035087719298245,0.3508771929824561,0.03508771929824561,0.08771929824561403,0.08771929824561403,0.10526315789473684,0.08771929824561403,0.17543859649122806,0.2631578947368421,0.19298245614035087,0.15789473684210525,0.14035087719298245,0,0.43859649122807015
山口颯斗,22.414814814814815,8.592592592592593,3.074074074074074,7.407407407407407,0.8148148148148148,2.6666666666666665,1.6296296296296295,2.111111111111111,0.5555555555555556,2.962962962962963,3.5185185185185186,0.8518518518518519,1.0740740740740742,0.48148148148148145,0.14814814814814814,7.222222222222222
山内盛久,13.83611111111111,3.259259259259259,1.1851851851851851,3.6481481481481484,0.3888888888888889,1.3888888888888888,0.5,0.5740740740740741,0.2962962962962963,0.8333333333333334,1.1296296296296295,2.2777777777777777,1.1111111111111112,0.3888888888888889,0.018518518518518517,2.462962962962963
山本エドワード,15.135192307692307,5.115384615384615,1.6923076923076923,5.115384615384615,1.3846153846153846,4.096153846153846,0.34615384615384615,0.40384615384615385,0.3076923076923077,1.0576923076923077,1.3653846153846154,1.6346153846153846,0.7692307692307693,0.4423076923076923,0,3.5
山本浩太,6.912857142857143,1.1428571428571428,0.5714285714285714,1.8571428571428572,0,0.2857142857142857,0,0,0.5714285714285714,1.5714285714285714,2.142857142857143,0.14285714285714285,0.42857142857142855,0.14285714285714285,0.14285714285714285,1.1428571428571428
山本柊輔,4.284464285714286,0.7142857142857143,0.23214285714285715,0.8928571428571429,0.017857142857142856,0.2857142857142857,0.23214285714285715,0.3392857142857143,0.125,0.19642857142857142,0.32142857142857145,0.4107142857142857,0.39285714285714285,0.16071428571428573,0,0.19642857142857142
寺園脩斗,16.240338983050847,6.593220338983051,2.4745762711864407,6.203389830508475,0.7627118644067796,2.288135593220339,0.8813559322033898,1.0677966101694916,0.3898305084745763,1.2372881355932204,1.6271186440677967,2.4915254237288136,0.9830508474576272,0.4576271186440678,0,4.627118644067797
寺嶋良,21.805636363636363,8.127272727272727,3.1818181818181817,7.127272727272727,0.45454545454545453,1.4545454545454546,1.309090909090909,1.6181818181818182,0.43636363636363634,1.8727272727272728,2.309090909090909,3.1636363636363636,1.309090909090909,0.7818181818181819,0.05454545454545454,7.9818181818181815
篠山竜青,20.02915254237288,5.864406779661017,2.23728813559322,4.932203389830509,0.559322033898305,1.6610169491525424,0.8305084745762712,1.1864406779661016,0.4576271186440678,0.864406779661017,1.3220338983050848,4.694915254237288,1.2881355932203389,0.7457627118644068,0.05084745762711865,7.4576271186440675
狩俣昌也,26.07915254237288,8.016949152542374,2.830508474576271,7.423728813559322,1.6271186440677967,4.88135593220339,0.7288135593220338,0.8813559322033898,0.6440677966101694,1.423728813559322,2.0677966101694913,3.0338983050847457,1.2372881355932204,0.864406779661017,0.01694915254237288,7.694915254237288
狩野祐介,19.21857142857143,5.25,1.7678571428571428,3.767857142857143,1.5,3.1607142857142856,0.21428571428571427,0.21428571428571427,0.17857142857142858,0.75,0.9285714285714286,1.2857142857142858,0.44642857142857145,0.25,0,4.892857142857143
秋山皓太,13.557843137254903,3.156862745098039,1.0588235294117647,3.1176470588235294,0.7843137254901961,2.411764705882353,0.2549019607843137,0.29411764705882354,0.13725490196078433,0.5686274509803921,0.7058823529411765,0.47058823529411764,0.37254901960784315,0.29411764705882354,0,0.9019607843137255
小原翼,3.698545454545455,0.6363636363636364,0.2727272727272727,0.5818181818181818,0.07272727272727272,0.14545454545454545,0.01818181818181818,0.01818181818181818,0.2,0.23636363636363636,0.43636363636363634,0.05454545454545454,0.23636363636363636,0.07272727272727272,0.01818181818181818,0.10909090909090909
小阪彰久,5.572166666666667,0.7,0.3,0.8333333333333334,0,0.11666666666666667,0.1,0.3,0.2833333333333333,0.5666666666666667,0.85,0.25,0.4,0.11666666666666667,0.15,-0.05
小酒部泰暉,16.70021739130435,6.521739130434782,2.152173913043478,4.869565217391305,0.9130434782608695,2.217391304347826,1.3043478260869565,1.565217391304348,0.45652173913043476,1.0217391304347827,1.4782608695652173,1.7608695652173914,1,0.6739130434782609,0.021739130434782608,6.043478260869565
小島元基,13.945178571428572,4.321428571428571,1.5,3.25,0.8571428571428571,1.8571428571428572,0.4642857142857143,0.6785714285714286,0.3392857142857143,0.6071428571428571,0.9464285714285714,2.732142857142857,0.8571428571428571,0.375,0.017857142857142856,5.178571428571429
小野寺祥太,5.561111111111111,1.1666666666666667,0.3888888888888889,0.9444444444444444,0.19444444444444445,0.5555555555555556,0.19444444444444445,0.3333333333333333,0.2777777777777778,0.25,0.5277777777777778,0.25,0.3055555555555556,0.19444444444444445,0.027777777777777776,0.4444444444444444
小野龍猛,16.443653846153847,3.6923076923076925,1.3653846153846154,3.730769230769231,0.36538461538461536,1.6923076923076923,0.5961538461538461,0.9423076923076923,0.7307692307692307,1.7115384615384615,2.4423076923076925,0.5769230769230769,0.5192307692307693,0.3269230769230769,0.09615384615384616,3.3846153846153846
小林遥太,9.740357142857142,2.0357142857142856,0.7142857142857143,1.5357142857142858,0.23214285714285715,0.5178571428571429,0.375,0.6428571428571429,0.5,0.6071428571428571,1.1071428571428572,1.2678571428571428,0.42857142857142855,0.375,0.03571428571428571,2.9464285714285716
松井啓十郎,22.251923076923077,8.153846153846153,2.826923076923077,6.538461538461538,1.5384615384615385,3.730769230769231,0.9615384615384616,1.1153846153846154,0.34615384615384615,1.5961538461538463,1.9423076923076923,1.0961538461538463,0.7115384615384616,0.36538461538461536,0.019230769230769232,6.711538461538462
松脇圭志,19.445666666666668,5.216666666666667,1.9333333333333333,4.416666666666667,0.9166666666666666,2.7666666666666666,0.43333333333333335,0.6333333333333333,0.25,1.1833333333333333,1.4333333333333333,1.5166666666666666,0.7666666666666667,0.85,0.1,4.9
上澤俊喜,2.3354545454545454,0.7272727272727273,0.18181818181818182,0.8181818181818182,0,0.2727272727272727,0.36363636363636365,0.36363636363636365,0,0.09090909090909091,0.09090909090909091,0.2727272727272727,0.36363636363636365,0,0.09090909090909091,-0.18181818181818182
城宝匡史,6.020333333333333,1.6666666666666667,0.55,1.6666666666666667,0.45,1.3833333333333333,0.11666666666666667,0.2,0.13333333333333333,0.2833333333333333,0.4166666666666667,0.3333333333333333,0.21666666666666667,0.2,0,0.8
常田耕平,0.80625,0,0,0.375,0,0.125,0,0,0.125,0.125,0.25,0,0,0,0,-0.25
森井健太,18.98593220338983,2.711864406779661,0.9322033898305084,3.288135593220339,0.4406779661016949,1.8305084745762712,0.4067796610169492,0.7457627118644068,0.4067796610169492,1.305084745762712,1.7118644067796611,3.9661016949152543,0.9491525423728814,0.6101694915254238,0.01694915254237288,4.186440677966102
森山修斗,2.2399999999999998,0.6585365853658537,0.21951219512195122,0.6341463414634146,0.14634146341463414,0.3902439024390244,0.07317073170731707,0.0975609756097561,0.04878048780487805,0.07317073170731707,0.12195121951219512,0.024390243902439025,0.0975609756097561,0.024390243902439025,0.04878048780487805,0.21951219512195122
森川正明,27.182881355932203,9.457627118644067,3.542372881355932,7.694915254237288,1.576271186440678,3.864406779661017,0.7966101694915254,1.0847457627118644,0.3220338983050847,1.6440677966101696,1.9661016949152543,2.0338983050847457,1.152542372881356,0.6271186440677966,0.11864406779661017,8.084745762711865
神里和,3.726,0.55,0.18333333333333332,0.7833333333333333,0.11666666666666667,0.5333333333333333,0.06666666666666667,0.08333333333333333,0.06666666666666667,0.08333333333333333,0.15,0.35,0.13333333333333333,0.2,0,0.13333333333333333
須田侑太郎,19.127551020408163,6.285714285714286,2.2244897959183674,4.795918367346939,1.1224489795918366,2.5510204081632653,0.7142857142857143,1.0612244897959184,0.24489795918367346,1.2040816326530612,1.4489795918367347,1.510204081632653,0.7551020408163265,0.40816326530612246,0.08163265306122448,4.877551020408164
須藤昂矢,9.882777777777777,2.9444444444444446,1.0185185185185186,2.8333333333333335,0.5185185185185185,1.4814814814814814,0.3888888888888889,0.5185185185185185,0.2037037037037037,0.42592592592592593,0.6296296296296297,0.5,0.2777777777777778,0.24074074074074073,0.05555555555555555,1.1296296296296295
水戸健史,16.629,4.633333333333334,1.9,3.7,0.4166666666666667,1.1,0.4166666666666667,0.6166666666666667,0.5,0.8833333333333333,1.3833333333333333,1.2666666666666666,0.35,0.6666666666666666,0.11666666666666667,4.666666666666667
水野幹太,3.358076923076923,0.7307692307692307,0.2692307692307692,0.8461538461538461,0.038461538461538464,0.3076923076923077,0.15384615384615385,0.15384615384615385,0.038461538461538464,0.19230769230769232,0.23076923076923078,0.3076923076923077,0.4230769230769231,0.11538461538461539,0,0.15384615384615385
杉浦佑成,18.88383333333333,5.966666666666667,2.2,6.216666666666667,1.0333333333333334,3.4166666666666665,0.5333333333333333,0.7166666666666667,0.3333333333333333,1.7,2.033333333333333,1.1833333333333333,0.9166666666666666,0.31666666666666665,0.06666666666666667,4.383333333333334
菅澤紀行,7.758,1.2,0.4,1.4,0.2,1,0.2,0.4666666666666667,0.2,0.6,0.8,0.6,0.06666666666666667,0,0.06666666666666667,0.9333333333333333
星川堅信,0.4916666666666667,0.3333333333333333,0.16666666666666666,0.3333333333333333,0,0,0,0,0,0,0,0.16666666666666666,0,0,0,0.3333333333333333
星野曹樹,2.6631428571428573,0.8285714285714286,0.3142857142857143,0.7142857142857143,0.08571428571428572,0.37142857142857144,0.11428571428571428,0.17142857142857143,0.08571428571428572,0.3142857142857143,0.4,0.14285714285714285,0.02857142857142857,0.08571428571428572,0,0.8
晴山ケビン,25.314642857142857,8.303571428571429,2.642857142857143,6.428571428571429,1.9642857142857142,5.035714285714286,1.0535714285714286,1.2142857142857142,0.8928571428571429,2.017857142857143,2.9107142857142856,0.75,0.5892857142857143,0.6785714285714286,0.05357142857142857,7.375
生原秀将,17.949189189189187,4.243243243243243,1.4594594594594594,4.675675675675675,0.7027027027027027,2.72972972972973,0.6216216216216216,0.7837837837837838,0.2972972972972973,1.4324324324324325,1.7297297297297298,2.5945945945945947,0.7027027027027027,0.8108108108108109,0.02702702702702703,3.7567567567567566
盛實海翔,11.553962264150943,3.8679245283018866,1.150943396226415,4.132075471698113,0.660377358490566,2.4716981132075473,0.9056603773584906,1.1886792452830188,0.32075471698113206,0.41509433962264153,0.7358490566037735,1.150943396226415,0.8679245283018868,0.32075471698113206,0.018867924528301886,1.679245283018868
西山達哉,28.639803921568628,11.058823529411764,3.549019607843137,9.745098039215685,2.3333333333333335,7.078431372549019,1.6274509803921569,2.0980392156862746,0.27450980392156865,1.4313725490196079,1.7058823529411764,4.235294117647059,2.764705882352941,0.9803921568627451,0.058823529411764705,9.03921568627451
西川貴之,25.525909090909092,7.636363636363637,2.6363636363636362,7.818181818181818,1.1363636363636365,4.454545454545454,1.2272727272727273,1.4545454545454546,0.5909090909090909,2.5454545454545454,3.1363636363636362,1.5,0.9545454545454546,0.45454545454545453,0.22727272727272727,6.181818181818182
西村文男,8.604545454545455,2.8545454545454545,1.0363636363636364,2.327272727272727,0.5636363636363636,1.4181818181818182,0.21818181818181817,0.32727272727272727,0.09090909090909091,0.4,0.4909090909090909,1.6,0.4727272727272727,0.32727272727272727,0.03636363636363636,3
西田優大,19.72551724137931,5.206896551724138,1.8620689655172413,5.103448275862069,0.6896551724137931,2.6206896551724137,0.7931034482758621,1.103448275862069,0.6206896551724138,1.1379310344827587,1.7586206896551724,1.4482758620689655,1.0689655172413792,0.5172413793103449,0.1724137931034483,3.6551724137931036
西野曜,4.096153846153846,1.6153846153846154,0.6153846153846154,1.4230769230769231,0.07692307692307693,0.34615384615384615,0.3076923076923077,0.34615384615384615,0.2692307692307692,0.3076923076923077,0.5769230769230769,0.15384615384615385,0.34615384615384615,0.23076923076923078,0.038461538461538464,0.6538461538461539
青木保憲,4.733673469387755,1.3061224489795917,0.46938775510204084,1.1020408163265305,0.14285714285714285,0.40816326530612246,0.22448979591836735,0.24489795918367346,0.04081632653061224,0.2857142857142857,0.32653061224489793,0.7959183673469388,0.32653061224489793,0.12244897959183673,0,1.0408163265306123
石井講祐,17.11728813559322,6.576271186440678,2.23728813559322,5.966101694915254,1.271186440677966,3.7796610169491527,0.8305084745762712,0.9661016949152542,0.3220338983050847,1.152542372881356,1.4745762711864407,1.6610169491525424,0.8135593220338984,0.9152542372881356,0.06779661016949153,5.033898305084746
石井峻平,0,0,0,0,0,0,0,0,0,0,0,0,0,0,0,0
石崎巧,4.168035714285714,1.4821428571428572,0.5535714285714286,1.4464285714285714,0.30357142857142855,0.7857142857142857,0.07142857142857142,0.10714285714285714,0.07142857142857142,0.17857142857142858,0.25,0.4642857142857143,0.375,0.07142857142857142,0.08928571428571429,0.48214285714285715
石谷聡,6.303703703703704,1.1851851851851851,0.5,1.1296296296296295,0.09259259259259259,0.37037037037037035,0.09259259259259259,0.1111111111111111,0.2222222222222222,0.3888888888888889,0.6111111111111112,1.0740740740740742,0.42592592592592593,0.12962962962962962,0,1.537037037037037
赤穂雷太,6.481929824561403,2.0526315789473686,0.7719298245614035,1.8596491228070176,0.17543859649122806,0.8245614035087719,0.3333333333333333,0.5614035087719298,0.2982456140350877,0.43859649122807015,0.7368421052631579,0.22807017543859648,0.14035087719298245,0.19298245614035087,0.07017543859649122,1.3157894736842106
川村卓也,21.589622641509433,6.981132075471698,2.490566037735849,5.264150943396227,1.3584905660377358,3,0.6415094339622641,0.7924528301886793,0.32075471698113206,1.9056603773584906,2.2264150943396226,2.4150943396226414,0.660377358490566,0.7735849056603774,0.07547169811320754,8.264150943396226
川嶋勇人,26.88732142857143,9.482142857142858,3.4285714285714284,8.375,1.2857142857142858,3.767857142857143,1.3392857142857142,1.9642857142857142,0.30357142857142855,1.4107142857142858,1.7142857142857142,3.857142857142857,1.5,2.25,0.125,10.017857142857142
船生誠也,13.471111111111112,3.4444444444444446,1.1851851851851851,2.7962962962962963,0.42592592592592593,1.0925925925925926,0.6481481481481481,0.8518518518518519,0.5370370370370371,1.1111111111111112,1.6481481481481481,1.8518518518518519,0.9814814814814815,0.5925925925925926,0.12962962962962962,3.4444444444444446
前田悟,25.519666666666666,9.433333333333334,3.15,7.283333333333333,1.8333333333333333,4.633333333333334,1.3,1.7833333333333334,0.55,2.0833333333333335,2.6333333333333333,0.9666666666666667,0.7,0.6333333333333333,0.2,8.033333333333333
前田怜緒,15.650344827586206,4.741379310344827,1.7758620689655173,3.6379310344827585,0.3620689655172414,1.206896551724138,0.8275862068965517,1.2758620689655173,0.7758620689655172,1.0344827586206897,1.8103448275862069,1,0.6206896551724138,0.5689655172413793,0.13793103448275862,4.431034482758621
増子匠,6.604074074074074,1.3703703703703705,0.48148148148148145,1.5925925925925926,0.2962962962962963,0.8888888888888888,0.1111111111111111,0.18518518518518517,0,0.48148148148148145,0.48148148148148145,0.25925925925925924,0.48148148148148145,0.2962962962962963,0,0.8518518518518519
増田啓介,14.041186440677967,5.016949152542373,1.7796610169491525,4.084745762711864,0.4067796610169492,1.5084745762711864,1.0508474576271187,1.3559322033898304,0.4406779661016949,1.0169491525423728,1.4576271186440677,0.9661016949152542,0.7966101694915254,0.3389830508474576,0.05084745762711865,3.830508474576271
村上駿斗,18.53677966101695,5.135593220338983,2.016949152542373,4.762711864406779,0.4067796610169492,1.5084745762711864,0.6949152542372882,1,0.6271186440677966,1.0169491525423728,1.6440677966101696,1.3728813559322033,0.5084745762711864,0.5932203389830508,0.01694915254237288,4.4576271186440675
多田武史,6.454655172413793,2.913793103448276,1.0689655172413792,3.086206896551724,0.7241379310344828,2.1724137931034484,0.05172413793103448,0.05172413793103448,0.1724137931034483,0.3103448275862069,0.4827586206896552,0.2413793103448276,0.20689655172413793,0.1896551724137931,0.017241379310344827,1.2758620689655173
多嶋朝飛,23.458305084745763,7.135593220338983,2.406779661016949,6.661016949152542,1.0169491525423728,3.2203389830508473,1.305084745762712,1.5254237288135593,0.4745762711864407,1.1016949152542372,1.576271186440678,3.593220338983051,1.5932203389830508,0.6101694915254238,0.05084745762711865,6.796610169491525
太田敦也,20.015762711864408,4.406779661016949,1.7796610169491525,4,0.01694915254237288,0.03389830508474576,0.8305084745762712,1.1355932203389831,0.864406779661017,1.9491525423728813,2.8135593220338984,0.847457627118644,0.5423728813559322,0.4067796610169492,0.22033898305084745,3.7966101694915255
大浦颯太,16.044406779661017,7.101694915254237,2.5084745762711864,6.593220338983051,1.11864406779661,3.305084745762712,0.9661016949152542,1.2372881355932204,0.4915254237288136,1.0169491525423728,1.5084745762711864,2.830508474576271,1.271186440677966,0.7457627118644068,0.05084745762711865,6.288135593220339
大宮宏正,1.1766666666666667,0.7777777777777778,0.3333333333333333,0.6666666666666666,0.1111111111111111,0.3333333333333333,0,0,0,0,0,0,0.1111111111111111,0,0,0.2222222222222222
大崎裕太,24.272380952380953,5.642857142857143,2.1666666666666665,6.071428571428571,0.9047619047619048,3.357142857142857,0.40476190476190477,0.6190476190476191,0.40476190476190477,2.119047619047619,2.5238095238095237,3.0476190476190474,1.619047619047619,0.6666666666666666,0.023809523809523808,5.190476190476191
大倉颯太,17.5625,4.75,1.5,3.25,0.75,1.5,1,1.25,0.5,0,0.5,2.75,1,0.75,0,5.25
大塚裕土,11.329152542372881,3.4745762711864407,1.152542372881356,3.3220338983050848,0.9152542372881356,2.6779661016949152,0.2542372881355932,0.4406779661016949,0.15254237288135594,0.4067796610169492,0.559322033898305,0.6949152542372882,0.3389830508474576,0.2542372881355932,0,1.6271186440677967
大庭岳輝,1.6392727272727272,0.45454545454545453,0.16363636363636364,0.4727272727272727,0.12727272727272726,0.41818181818181815,0,0,0.03636363636363636,0.03636363636363636,0.07272727272727272,0.05454545454545454,0.03636363636363636,0.05454545454545454,0,0.21818181818181817
大矢孝太朗,3.3048,0.86,0.28,0.58,0.02,0.08,0.28,0.42,0.12,0.34,0.46,0.08,0.08,0.06,0.16,0.76
谷口光貴,10.72103448275862,3.1379310344827585,1.0689655172413792,3.2413793103448274,0.7586206896551724,2.206896551724138,0.2413793103448276,0.2413793103448276,0.4482758620689655,0.4482758620689655,0.896551724137931,0.3793103448275862,0.3793103448275862,0.27586206896551724,0.06896551724137931,1.2413793103448276
谷口大智,4.487142857142857,1.3877551020408163,0.4489795918367347,1.2244897959183674,0.24489795918367346,0.6530612244897959,0.24489795918367346,0.2653061224489796,0.10204081632653061,0.42857142857142855,0.5306122448979592,0.20408163265306123,0.22448979591836735,0.20408163265306123,0.04081632653061224,0.673469387755102
池田雄一,10.30962962962963,2.074074074074074,0.6666666666666666,1.9444444444444444,0.6296296296296297,1.7037037037037037,0.1111111111111111,0.1111111111111111,0.07407407407407407,0.6851851851851852,0.7592592592592593,0.2962962962962963,0.24074074074074073,0.18518518518518517,0.018518518518518517,1
竹田謙,7.056315789473684,1.0701754385964912,0.3508771929824561,0.9824561403508771,0.14035087719298245,0.45614035087719296,0.22807017543859648,0.24561403508771928,0.07017543859649122,0.45614035087719296,0.5263157894736842,0.43859649122807015,0.19298245614035087,0.2631578947368421,0.017543859649122806,1.0175438596491229
竹内公輔,14.986333333333333,4.083333333333333,1.6666666666666667,3.066666666666667,0.06666666666666667,0.23333333333333334,0.6833333333333333,0.95,1.5666666666666667,2.3666666666666667,3.933333333333333,0.6166666666666667,0.4,0.21666666666666667,0.4666666666666667,6.383333333333334
竹内譲次,13.751960784313725,2.9411764705882355,0.9411764705882353,2.627450980392157,0.43137254901960786,1.5098039215686274,0.6274509803921569,0.7843137254901961,0.6862745098039216,2.5294117647058822,3.215686274509804,0.6666666666666666,0.5294117647058824,0.35294117647058826,0.39215686274509803,4.627450980392157
中山拓哉,22.823035714285716,6.75,2.5,6.178571428571429,0.39285714285714285,1.5357142857142858,1.3571428571428572,1.875,1.1428571428571428,2.357142857142857,3.5,3.1607142857142856,1.3928571428571428,1.5357142857142858,0,9.107142857142858
中村浩陸,18.006851851851852,4.333333333333333,1.5925925925925926,4.166666666666667,0.7592592592592593,2.388888888888889,0.3888888888888889,0.5370370370370371,0.25925925925925924,0.7037037037037037,0.9629629629629629,1.9074074074074074,0.7592592592592593,0.5740740740740741,0.037037037037037035,3.240740740740741
中村拓人,1.8800000000000001,0.38461538461538464,0.15384615384615385,0.7692307692307693,0,0.15384615384615385,0.07692307692307693,0.15384615384615385,0.07692307692307693,0,0.07692307692307693,0.38461538461538464,0.3076923076923077,0.07692307692307693,0,-0.23076923076923078
中東泰斗,20.75925,4.8,1.85,4.55,0.425,1.775,0.675,1.05,0.775,1.9,2.675,1.85,0.825,0.75,0.275,5.825
中務敏宏,1.5898039215686275,0.5686274509803921,0.19607843137254902,0.45098039215686275,0.1568627450980392,0.37254901960784315,0.0196078431372549,0.058823529411764705,0.0196078431372549,0.11764705882352941,0.13725490196078433,0.058823529411764705,0.0196078431372549,0,0,0.4117647058823529
中野司,19.37779661016949,8.084745762711865,2.6610169491525424,6.322033898305085,1.5084745762711864,3.9491525423728815,1.2542372881355932,1.5084745762711864,0.5254237288135594,1.305084745762712,1.8305084745762712,0.6610169491525424,0.6440677966101694,0.5254237288135594,0.06779661016949153,5.830508474576271
張本天傑,14.664313725490196,5,1.6862745098039216,3.4901960784313726,0.9607843137254902,2.156862745098039,0.6666666666666666,0.7843137254901961,0.39215686274509803,1.2549019607843137,1.6470588235294117,0.8235294117647058,0.6078431372549019,0.29411764705882354,0.17647058823529413,4.529411764705882
朝山正悟,26.15418181818182,8.709090909090909,3.0727272727272728,7.0181818181818185,1.4727272727272727,3.6545454545454548,1.0909090909090908,1.2545454545454546,0.2909090909090909,1.8727272727272728,2.1636363636363636,2.1636363636363636,1.2181818181818183,0.6909090909090909,0.05454545454545454,7.781818181818182
長谷川技,12.132641509433963,1.320754716981132,0.5094339622641509,1.6037735849056605,0.18867924528301888,1.150943396226415,0.11320754716981132,0.1509433962264151,0.20754716981132076,0.6792452830188679,0.8867924528301887,0.5660377358490566,0.2641509433962264,0.32075471698113206,0.018867924528301886,0.4528301886792453
長谷川暢,17.86220338983051,6.203389830508475,2.0508474576271185,5.016949152542373,0.9491525423728814,2.542372881355932,1.152542372881356,1.4745762711864407,0.4406779661016949,0.7457627118644068,1.1864406779661016,2.0847457627118646,0.9830508474576272,0.9830508474576272,0.05084745762711865,5.169491525423729
長野誠史,16.21018181818182,5.4,1.9090909090909092,5.127272727272727,0.6545454545454545,2.4545454545454546,0.9272727272727272,1.0727272727272728,0.2545454545454545,0.9090909090909091,1.1636363636363636,2.4909090909090907,0.7636363636363637,0.6727272727272727,0.01818181818181818,4.6
津屋一球,18.10763157894737,5.7631578947368425,2.1052631578947367,5.552631578947368,1.0263157894736843,2.9473684210526314,0.5263157894736842,0.9210526315789473,0.21052631578947367,1.2894736842105263,1.5,0.5789473684210527,1.0526315789473684,0.34210526315789475,0.15789473684210525,2.4210526315789473
津山尚大,7.955925925925926,2.4074074074074074,0.8148148148148148,2.0185185185185186,0.48148148148148145,1.2037037037037037,0.2962962962962963,0.4444444444444444,0.09259259259259259,0.4444444444444444,0.5370370370370371,1.3703703703703705,0.5370370370370371,0.24074074074074073,0,2.462962962962963
辻直人,22.224745762711866,9.067796610169491,2.847457627118644,7.322033898305085,1.8983050847457628,5.423728813559322,1.4745762711864407,1.8305084745762712,0.3559322033898305,1.1864406779661016,1.5423728813559323,3.2033898305084745,1.2203389830508475,0.6610169491525424,0.03389830508474576,8.932203389830509
田臥勇太,1.9492156862745098,0.27450980392156865,0.13725490196078433,0.3137254901960784,0,0.0392156862745098,0,0,0.0196078431372549,0.058823529411764705,0.0784313725490196,0.17647058823529413,0.0784313725490196,0.0784313725490196,0,0.11764705882352941
田口成浩,8.6825,2.1964285714285716,0.7142857142857143,2.357142857142857,0.48214285714285715,1.8214285714285714,0.2857142857142857,0.375,0.17857142857142858,0.4107142857142857,0.5892857142857143,0.6428571428571429,0.35714285714285715,0.30357142857142855,0.05357142857142857,0.5714285714285714
田代直希,21.66781818181818,7.781818181818182,2.963636363636364,6.3090909090909095,1.2727272727272727,3.1272727272727274,0.5818181818181818,0.8,0.6,1.3272727272727274,1.9272727272727272,1.8909090909090909,1.3636363636363635,0.7272727272727273,0.05454545454545454,6.090909090909091
田中成也,19.810363636363636,4.818181818181818,1.6545454545454545,5.363636363636363,0.9818181818181818,3.4727272727272727,0.5272727272727272,0.8,0.2,1.1090909090909091,1.309090909090909,1.1636363636363636,0.9818181818181818,0.45454545454545453,0.10909090909090909,2.090909090909091
田中大貴,25.252765957446808,9.425531914893616,3.723404255319149,8.319148936170214,0.8723404255319149,2.893617021276596,1.1063829787234043,1.4680851063829787,0.1702127659574468,1.4042553191489362,1.574468085106383,4.319148936170213,1.0425531914893618,0.9148936170212766,0.10638297872340426,10.74468085106383
田渡修人,14.137796610169492,3.864406779661017,1.4067796610169492,3.440677966101695,0.864406779661017,2.288135593220339,0.1864406779661017,0.2542372881355932,0.3898305084745763,0.7966101694915254,1.1864406779661016,1.2372881355932204,0.5084745762711864,0.5423728813559322,0,3.2033898305084745
田渡凌,11.331818181818182,2.5090909090909093,1.1090909090909091,2.7454545454545456,0.07272727272727272,0.4,0.21818181818181817,0.3090909090909091,0.2909090909090909,0.9090909090909091,1.2,2.8545454545454545,1.018181818181818,0.32727272727272727,0,3.618181818181818
渡部琉,3.9144444444444444,1.4444444444444444,0.6666666666666666,1.8888888888888888,0.1111111111111111,0.6666666666666666,0,0,0.2222222222222222,0.3333333333333333,0.5555555555555556,0.2222222222222222,0.3333333333333333,0.2222222222222222,0,0.5555555555555556
渡辺竜之佑,14.32566037735849,3.4716981132075473,1.3396226415094339,2.6792452830188678,0.09433962264150944,0.33962264150943394,0.6981132075471698,1.0566037735849056,1.0377358490566038,1.3962264150943395,2.4339622641509435,1.9811320754716981,1.0566037735849056,0.7735849056603774,0.1320754716981132,5
渡邉裕規,17.02293103448276,5.551724137931035,1.6896551724137931,4.827586206896552,1.2241379310344827,3.6379310344827585,0.9482758620689655,1.0689655172413792,0.3620689655172414,0.5517241379310345,0.9137931034482759,1.8620689655172413,0.603448275862069,0.46551724137931033,0.034482758620689655,4.103448275862069
土屋アリスター時生,0.8939024390243903,0.34146341463414637,0.14634146341463414,0.34146341463414637,0,0,0.04878048780487805,0.07317073170731707,0.07317073170731707,0.04878048780487805,0.12195121951219512,0.07317073170731707,0.024390243902439025,0.024390243902439025,0,0.21951219512195122
藤井祐眞,21.45457627118644,10.457627118644067,3.1016949152542375,7.186440677966102,1.2372881355932204,3.4915254237288136,3.016949152542373,3.5762711864406778,0.6949152542372882,1.1864406779661016,1.88135593220339,4.101694915254237,1.4915254237288136,1.11864406779661,0.05084745762711865,13.389830508474576
藤永佳昭,7.536315789473684,1.3157894736842106,0.45614035087719296,1.2280701754385965,0.17543859649122806,0.6842105263157895,0.22807017543859648,0.3684210526315789,0.15789473684210525,0.2982456140350877,0.45614035087719296,1.3333333333333333,0.5263157894736842,0.3508771929824561,0.017543859649122806,1.6140350877192982
藤本巧太,1.3803846153846153,0.5769230769230769,0.23076923076923078,0.46153846153846156,0.11538461538461539,0.2692307692307692,0,0,0.11538461538461539,0.038461538461538464,0.15384615384615385,0.19230769230769232,0,0.038461538461538464,0,0.7307692307692307
頓宮裕人,8.031864406779661,1.11864406779661,0.4406779661016949,1.5084745762711864,0.13559322033898305,0.6610169491525424,0.1016949152542373,0.22033898305084745,0.4406779661016949,0.5254237288135594,0.9661016949152542,0.2711864406779661,0.15254237288135594,0.05084745762711865,0.2033898305084746,0.13559322033898305
内海慎吾,4.364583333333333,0.75,0.25,0.5833333333333334,0.16666666666666666,0.4583333333333333,0.08333333333333333,0.125,0.041666666666666664,0.125,0.16666666666666666,0.125,0.08333333333333333,0.08333333333333333,0,0.2916666666666667
内田旦人,12.203214285714285,3.357142857142857,1.25,3,0.7857142857142857,1.9642857142857142,0.07142857142857142,0.07142857142857142,0.21428571428571427,0.5714285714285714,0.7857142857142857,0.42857142857142855,0.4642857142857143,0.17857142857142858,0,1.3571428571428572
納見悠仁,16.375,4.5,1.5,4.269230769230769,0.7307692307692307,2.230769230769231,0.7692307692307693,0.9423076923076923,0.21153846153846154,1.0192307692307692,1.2307692307692308,2,1.5961538461538463,0.46153846153846156,0.019230769230769232,3.1923076923076925
柏倉哲平,19.87462962962963,4.388888888888889,1.5740740740740742,4.222222222222222,0.7592592592592593,2.314814814814815,0.48148148148148145,0.6851851851851852,0.18518518518518517,1.2037037037037037,1.3888888888888888,2.537037037037037,1.2037037037037037,0.5370370370370371,0.018518518518518517,3.7222222222222223
柏木真介,15.64090909090909,3.0727272727272728,1.018181818181818,2.4727272727272727,0.5818181818181818,1.5818181818181818,0.45454545454545453,0.6363636363636364,0.16363636363636364,1.0909090909090908,1.2545454545454546,2.1818181818181817,0.8,0.7636363636363637,0.09090909090909091,4.381818181818182
白濱僚祐,15.149482758620689,3.1724137931034484,1.2758620689655173,2.793103448275862,0.3448275862068966,1.0344827586206897,0.27586206896551724,0.41379310344827586,0.4827586206896552,1.0862068965517242,1.5689655172413792,1.103448275862069,0.5172413793103449,0.46551724137931033,0.017241379310344827,2.8275862068965516
八村阿蓮,10.09,1.5454545454545454,0.7272727272727273,2.1818181818181817,0,0.6363636363636364,0.09090909090909091,0.45454545454545453,0.6363636363636364,0.6363636363636364,1.2727272727272727,0.18181818181818182,0.2727272727272727,0.2727272727272727,0.09090909090909091,0.09090909090909091
比江島慎,17.59488888888889,7.8,3.111111111111111,6.488888888888889,0.8666666666666667,2.533333333333333,0.7111111111111111,0.9555555555555556,0.5333333333333333,0.8888888888888888,1.4222222222222223,2.1555555555555554,0.8222222222222222,0.6888888888888889,0.17777777777777778,7.377777777777778
富樫勇樹,25.792280701754386,13.807017543859649,4.754385964912281,11.56140350877193,2.43859649122807,6.385964912280702,1.8596491228070176,2.245614035087719,0.2807017543859649,1.263157894736842,1.543859649122807,5.614035087719298,2,0.8070175438596491,0.08771929824561403,13.157894736842104
武井弘明,3.9047619047619047,1.1904761904761905,0.42857142857142855,1,0.23809523809523808,0.5238095238095238,0.09523809523809523,0.2857142857142857,0.14285714285714285,0.2857142857142857,0.42857142857142855,0.47619047619047616,0.14285714285714285,0.047619047619047616,0,1.2857142857142858
平岩玄,0.40736842105263155,0.05263157894736842,0.02631578947368421,0.07894736842105263,0,0,0,0.05263157894736842,0,0.02631578947368421,0.02631578947368421,0.05263157894736842,0,0,0,-0.10526315789473684
並里成,20.6042,8.26,3.46,8.14,0.52,1.64,0.82,1.18,0.26,1.12,1.38,3.94,1.44,0.84,0.04,7.82
米須玲音,1.2850000000000001,0.6666666666666666,0.3333333333333333,0.4166666666666667,0,0,0,0,0,0.08333333333333333,0.08333333333333333,0.5833333333333334,0.08333333333333333,0,0,1.0833333333333333
保岡龍斗,16.72280701754386,6.175438596491228,2.0701754385964914,6.228070175438597,0.7719298245614035,3.210526315789474,1.263157894736842,1.719298245614035,0.43859649122807015,1.1929824561403508,1.631578947368421,1.6140350877192982,1.2982456140350878,0.7192982456140351,0.10526315789473684,3.754385964912281
北原秀明,10.194,2.466666666666667,1,3.933333333333333,0.3333333333333333,1.7333333333333334,0.13333333333333333,0.26666666666666666,0.13333333333333333,0.6,0.7333333333333333,0.4666666666666667,0.3333333333333333,0.2,0,-1.4
北川弘,21.6875,5.25,1.8166666666666667,5.833333333333333,0.9166666666666666,3.283333333333333,0.7,0.95,0.18333333333333332,1.3333333333333333,1.5166666666666666,3.9166666666666665,1.7333333333333334,0.7166666666666667,0.1,3.9833333333333334
牧全,5.856603773584905,1.320754716981132,0.49056603773584906,1.3962264150943395,0.2830188679245283,0.8113207547169812,0.05660377358490566,0.09433962264150944,0.16981132075471697,0.49056603773584906,0.660377358490566,0.39622641509433965,0.2830188679245283,0.2641509433962264,0,0.8867924528301887
牧隼利,15.0975,3.4107142857142856,1.3392857142857142,3.6607142857142856,0.3392857142857143,1.5892857142857142,0.39285714285714285,0.6785714285714286,0.39285714285714285,0.7857142857142857,1.1785714285714286,1.2321428571428572,0.6428571428571429,0.4107142857142857,0.19642857142857142,1.6071428571428572
満原優樹,11.718571428571428,2.1964285714285716,0.8214285714285714,2.6785714285714284,0.35714285714285715,1.5714285714285714,0.19642857142857142,0.375,0.5535714285714286,1.1428571428571428,1.6964285714285714,0.8928571428571429,0.30357142857142855,0.17857142857142858,0.05357142857142857,1.875
満田丈太郎,19.5848,4.3,1.56,3.9,0.66,2.02,0.52,0.58,0.5,1.34,1.84,1.5,0.82,0.58,0.14,3.96
木下誠,5.619183673469387,2.183673469387755,0.8571428571428571,2.0816326530612246,0.2857142857142857,0.8979591836734694,0.1836734693877551,0.2857142857142857,0.10204081632653061,0.30612244897959184,0.40816326530612246,0.46938775510204084,0.5306122448979592,0.10204081632653061,0.04081632653061224,0.9183673469387755
野口大介,10.155689655172413,3.3275862068965516,1.293103448275862,3.0689655172413794,0.6379310344827587,1.9310344827586208,0.10344827586206896,0.1896551724137931,0.46551724137931033,0.6896551724137931,1.1551724137931034,0.7758620689655172,0.22413793103448276,0.3620689655172414,0.034482758620689655,2.586206896551724
野本建吾,14.359830508474577,3.457627118644068,1.3220338983050848,2.9661016949152543,0.0847457627118644,0.3220338983050847,0.7288135593220338,1.2033898305084745,0.7796610169491526,2,2.7796610169491527,1.2033898305084745,0.9152542372881356,0.4406779661016949,0.11864406779661017,4.016949152542373
野本大智,13.454193548387098,5.193548387096774,1.7741935483870968,4.387096774193548,0.7741935483870968,2.032258064516129,0.8709677419354839,1.3548387096774193,0.5483870967741935,0.6774193548387096,1.2258064516129032,0.8387096774193549,0.8709677419354839,0.3870967741935484,0.1935483870967742,3.6451612903225805
柳川幹也,4.088666666666667,0.7333333333333333,0.26666666666666666,0.8,0.2,0.6666666666666666,0,0,0.06666666666666667,0.3333333333333333,0.4,1.1333333333333333,0.4666666666666667,0.13333333333333333,0,1.3333333333333333
林翔太郎,22.445740740740742,5.2592592592592595,1.9074074074074074,4.888888888888889,0.8148148148148148,2.611111111111111,0.6296296296296297,0.9074074074074074,0.3888888888888889,1.7037037037037037,2.0925925925925926,1.3888888888888888,1.0185185185185186,0.3333333333333333,0.2037037037037037,4.277777777777778
鈴木空,1.4186666666666667,0.26666666666666666,0.13333333333333333,0.26666666666666666,0,0,0,0,0,0.13333333333333333,0.13333333333333333,0.13333333333333333,0,0,0,0.26666666666666666
鈴木達也,24.62388888888889,7.7407407407407405,3.0185185185185186,6.666666666666667,0.8148148148148148,2.2037037037037037,0.8888888888888888,1.1666666666666667,0.3888888888888889,1.1296296296296295,1.5185185185185186,5.092592592592593,1.9074074074074074,0.9444444444444444,0.05555555555555555,8.925925925925926
會田圭佑,6.459705882352941,0.8823529411764706,0.3235294117647059,0.8823529411764706,0.14705882352941177,0.4117647058823529,0.08823529411764706,0.11764705882352941,0.08823529411764706,0.4411764705882353,0.5294117647058824,0.8235294117647058,0.29411764705882354,0.17647058823529413,0,1.3529411764705883
兪龍海,4.196666666666666,0.7333333333333333,0.3333333333333333,0.6666666666666666,0,0.13333333333333333,0.06666666666666667,0.2,0,0.5333333333333333,0.5333333333333333,0.26666666666666666,0.13333333333333333,0.26666666666666666,0.13333333333333333,1.0666666666666667
齋藤拓実,26.001818181818184,12.49090909090909,4.545454545454546,9.072727272727272,0.9818181818181818,2.7818181818181817,2.418181818181818,2.8363636363636364,0.5272727272727272,1.5636363636363637,2.090909090909091,5.6,2.2,1.2,0.07272727272727272,15.654545454545454
鵤誠司,21.414827586206897,5.241379310344827,2.086206896551724,5.189655172413793,0.6551724137931034,2.3448275862068964,0.41379310344827586,0.5689655172413793,0.29310344827586204,1.1896551724137931,1.4827586206896552,2.6379310344827585,0.9655172413793104,0.7586206896551724,0.1896551724137931,4.931034482758621
